classID,className,teacherID
BIO-101,Intro to Bilogy,76707
BIO-301,Genetics,76708
BIO-399,Computational Biology,76709
CS-101,Intro to CS,76710
CS-190,Game Design,76711
CS-315,Robotics,76712
CS-319,Image Processing,76713
CS-347,Database concepts,76714
EE-181,Intro to Digital Systems,76715
FIN-201,Investement Banking,76716
HIS-351,World History,76717
MU-199,Music Video Production,76718
PHY-101,Physical Principles,76719
